소녀A,https://img.youtube.com/vi/AqI97zHMoQw/maxresdefault.jpg,소녀A,소녀에이
메스머라이저,https://img.youtube.com/vi/19y8YTbvri8/maxresdefault.jpg,메스머라이저
굿바이 선언,https://img.youtube.com/vi/dHXC_ahjtEE/maxresdefault.jpg,굿바이 선언,굿바이선언
테토리스,https://img.youtube.com/vi/Soy4jGPHr3g/maxresdefault.jpg,테토리스
모니터링,https://img.youtube.com/vi/kbNdx0yqbZE/maxresdefault.jpg,모니터링
래빗 홀,https://img.youtube.com/vi/eSW2LVbPThw/maxresdefault.jpg,래빗 홀,래빗홀,레빗 홀,레빗홀
강풍 올백,https://img.youtube.com/vi/D6DVTLvOupE/maxresdefault.jpg,강풍 올백,강풍올백
두근 어질,https://img.youtube.com/vi/2b1IexhKPz4/maxresdefault.jpg,두근 어질,두근어질
소녀 레이,https://img.youtube.com/vi/JW3N-HvU0MA/0.jpg,소녀 레이,소녀레이
KING,https://img.youtube.com/vi/cm-l2h6GB8Q/maxresdefault.jpg,KING,킹
신 같네,https://img.youtube.com/vi/EHBFKhLUVig/maxresdefault.jpg,신 같네,카밋포이나
멜트,https://img.youtube.com/vi/o1jAMSQyVPc/0.jpg,멜트,MELT
마트료시카,https://img.youtube.com/vi/HOz-9FzIDf0/0.jpg,마트료시카
고스트 룰,https://img.youtube.com/vi/KushW6zvazM/maxresdefault.jpg,고스트 룰,고스트룰
롤링걸,https://img.youtube.com/vi/vnw8zURAxkU/0.jpg,롤링걸
도넛 홀,https://img.youtube.com/vi/qnX2CdOBcDI/0.jpg,도넛 홀,도넛홀
월드 이즈 마인,https://i.namu.wiki/i/iAobP7IZQBSngg8UTZUAKfr-IG6c-nKKzf-FDX6mJXuM0ZebwSlxsigFW86ejYVl9Jif2gVuJxi7Vw3TJHMb-_BXF_GfL0yQFxVe4imKQ5CnsbyV0CeQE6eVQ2h-5vmamQ6UwGYfiISsHIQyLRJ22A.webp,월드 이즈 마인
로키,https://img.youtube.com/vi/Xg-qfsKN2_E/0.jpg,로키
포니,https://img.youtube.com/vi/9QLT1Aw_45s/0.jpg,포니
래그 트레인,https://img.youtube.com/vi/UnIhRpIT7nc/0.jpg,래그 트레인,래그트레인,랙트레인,
로미오와 신데렐라,https://img.youtube.com/vi/9HrOqmiEsN8/0.jpg,로미오와 신데렐라,로미오와신데렐라
칠드런 레코드,https://img.youtube.com/vi/oh9UGmqtdMg/0.jpg,칠드런 레코드,칠드런레코드
아지랑이 데이즈,https://img.youtube.com/vi/EMGyiiTC7sg/0.jpg,아지랑이 데이즈,카게로우데이즈
사람 마니아,https://img.youtube.com/vi/HTxwOxFt5d4/0.jpg,사람 마니아,사람마니아
오버라이드,https://img.youtube.com/vi/LLjfal8jCYI/0.jpg,오버라이드
혼돈 부기,https://img.youtube.com/vi/1Swg-aBO9eY/0.jpg,혼돈 부기,혼돈부기
뱀파이어,https://img.youtube.com/vi/e1xCOsgWG0M/0.jpg,뱀파이어
내일의 밤하늘 초계반,https://img.youtube.com/vi/XogSflwXgpw/0.jpg,내일의 밤하늘 초계반,내일의밤하늘초계반
천성의 약함,https://img.youtube.com/vi/2-zPY0vrpjQ/0.jpg,천성의 약함,천성의약함
육조 년과 하룻밤 이야기,https://img.youtube.com/vi/Om3MTou2kPg/0.jpg,육조 년과 하룻밤 이야기
소녀해부,https://img.youtube.com/vi/7zwCIz-Ohn4/0.jpg,소녀해부
PPPP,https://img.youtube.com/vi/8Cm-7oCq9HA/0.jpg,PPPP
